Hogares;Paraderos;Colegio
-72.99018144607545,-41.309445802681246;-72.985748, -41.310972;-72.99014925956727,-41.30772114911309
-72.98252105712892,-41.3063833023091;-72.993022, -41.310440;
-72.99514889717103,-41.31167811362131;-72.982685, -41.309372;
-72.98510670661928,-41.311670054874526;;
-72.98683404922487,-41.310420937078746;;
